Shannon,Fisher,Fisher',GBP,E2,E3,R2,R3,G1,G2,G3,iso,aniso
1.6738 ,3.0394 ,3.3285 ,4.4348 ,0.1337 ,0.4795 ,0.8827 ,0.9019 ,-0.5092 ,2.0106 ,3.5091 ,28.5040 ,29.9240 
1.9902 ,3.6691 ,4.4527 ,4.9665 ,0.1347 ,0.7117 ,0.8304 ,0.8576 ,-0.6379 ,1.9029 ,2.7777 ,32.0522 ,18.3264 
1.9013 ,3.6036 ,4.3308 ,4.7839 ,0.1302 ,0.3691 ,0.7850 ,0.7994 ,-0.7069 ,1.9017 ,2.8271 ,31.0131 ,17.2278 
1.9043 ,3.6072 ,4.3426 ,4.7894 ,0.1297 ,0.3374 ,0.7859 ,0.8001 ,-0.7065 ,1.9040 ,2.8215 ,31.0036 ,17.3192 
1.9333 ,3.6143 ,4.3480 ,4.8461 ,0.1296 ,0.2468 ,0.8049 ,0.8203 ,-0.6664 ,1.9018 ,2.8133 ,31.3489 ,18.0522 
1.5896 ,2.8530 ,3.1128 ,4.2154 ,0.1333 ,0.7958 ,0.8471 ,0.8472 ,-0.5370 ,1.9933 ,3.6521 ,26.5931 ,27.8641 
1.5883 ,2.8336 ,3.0889 ,4.2188 ,0.1309 ,0.4657 ,0.8511 ,0.8518 ,-0.5267 ,2.0005 ,3.6642 ,26.4241 ,28.7311 
1.9324 ,3.6114 ,4.3377 ,4.8451 ,0.1379 ,1.4536 ,0.8070 ,0.8234 ,-0.6618 ,1.8832 ,2.8197 ,31.4033 ,17.9878 
1.9228 ,3.6063 ,4.3233 ,4.8259 ,0.1308 ,0.3600 ,0.8023 ,0.8179 ,-0.6711 ,1.9014 ,2.8145 ,31.2102 ,18.0995 
1.5853 ,2.8328 ,3.0889 ,4.2137 ,0.1282 ,0.2005 ,0.8511 ,0.8517 ,-0.5276 ,2.0055 ,3.6738 ,26.4413 ,28.6792 
1.9129 ,3.5869 ,4.2650 ,4.8060 ,0.1299 ,0.2916 ,0.8026 ,0.8171 ,-0.6673 ,1.8965 ,2.8294 ,31.2106 ,17.5072 
1.5272 ,2.6373 ,2.9085 ,4.1021 ,0.1279 ,0.2251 ,0.8609 ,0.8571 ,-0.4708 ,2.0273 ,3.8226 ,24.3199 ,33.7598 
1.9128 ,3.5868 ,4.2648 ,4.8058 ,0.1299 ,0.2916 ,0.8026 ,0.8171 ,-0.6674 ,1.8965 ,2.8295 ,31.2106 ,17.5035 
1.5272 ,2.6374 ,2.9086 ,4.1022 ,0.1279 ,0.2232 ,0.8609 ,0.8571 ,-0.4708 ,2.0273 ,3.8225 ,24.3211 ,33.7557 
1.9129 ,3.5868 ,4.2649 ,4.8058 ,0.1299 ,0.2922 ,0.8026 ,0.8171 ,-0.6673 ,1.8965 ,2.8294 ,31.2101 ,17.5054 
1.5272 ,2.6373 ,2.9083 ,4.1021 ,0.1279 ,0.2247 ,0.8609 ,0.8571 ,-0.4708 ,2.0273 ,3.8225 ,24.3197 ,33.7591 
1.9129 ,3.5870 ,4.2653 ,4.8060 ,0.1299 ,0.2935 ,0.8026 ,0.8171 ,-0.6673 ,1.8965 ,2.8294 ,31.2102 ,17.5100 
1.5272 ,2.6373 ,2.9086 ,4.1022 ,0.1279 ,0.2261 ,0.8609 ,0.8571 ,-0.4707 ,2.0272 ,3.8225 ,24.3195 ,33.7592 
1.5114 ,2.5921 ,2.8888 ,4.0722 ,0.1292 ,0.3819 ,0.8641 ,0.8595 ,-0.4541 ,2.0410 ,3.8510 ,23.6055 ,35.8338 
1.9026 ,3.5753 ,4.2147 ,4.7885 ,0.1293 ,0.2205 ,0.8028 ,0.8169 ,-0.6678 ,1.8997 ,2.8381 ,31.2544 ,16.8723 
1.5120 ,2.5888 ,2.8769 ,4.0747 ,0.1292 ,0.3303 ,0.8645 ,0.8591 ,-0.4525 ,2.0307 ,3.8449 ,23.5563 ,36.1494 
1.9184 ,3.5885 ,4.2572 ,4.8193 ,0.1345 ,0.7804 ,0.8075 ,0.8211 ,-0.6600 ,1.8948 ,2.8282 ,31.4329 ,17.1573 
1.9031 ,3.5777 ,4.2273 ,4.7887 ,0.1298 ,0.2563 ,0.8020 ,0.8163 ,-0.6682 ,1.8991 ,2.8328 ,31.2040 ,17.0448 
1.5108 ,2.5935 ,2.8845 ,4.0723 ,0.1278 ,0.2435 ,0.8642 ,0.8599 ,-0.4542 ,2.0410 ,3.8485 ,23.6025 ,35.9087 
1.9078 ,3.5813 ,4.2380 ,4.7978 ,0.1314 ,0.4268 ,0.8036 ,0.8179 ,-0.6653 ,1.8960 ,2.8361 ,31.2356 ,17.0934 
1.5106 ,2.5881 ,2.8839 ,4.0709 ,0.1341 ,1.0665 ,0.8645 ,0.8600 ,-0.4521 ,2.0246 ,3.8518 ,23.5574 ,35.9543 
1.5146 ,2.6147 ,2.9232 ,4.0724 ,0.1388 ,2.4231 ,0.8620 ,0.8577 ,-0.4606 ,2.0080 ,3.8405 ,23.7897 ,35.0856 
1.9150 ,3.5843 ,4.2340 ,4.8128 ,0.1403 ,1.9265 ,0.8052 ,0.8197 ,-0.6628 ,1.8726 ,2.8312 ,31.4557 ,16.6870 
1.5623 ,2.7874 ,2.9719 ,4.1678 ,0.1291 ,0.2946 ,0.8504 ,0.8513 ,-0.5156 ,1.9883 ,3.6832 ,26.1059 ,29.3126 
1.9211 ,3.6003 ,4.3018 ,4.8228 ,0.1303 ,0.3188 ,0.8081 ,0.8248 ,-0.6619 ,1.9070 ,2.8079 ,31.2878 ,18.4261 
1.5514 ,2.8994 ,2.9985 ,4.1532 ,0.1301 ,0.2412 ,0.8476 ,0.8491 ,-0.5606 ,2.0136 ,3.6442 ,27.3538 ,23.5372 
1.5270 ,2.7491 ,2.9220 ,4.0989 ,0.1328 ,0.7543 ,0.8486 ,0.8464 ,-0.5217 ,2.0099 ,3.7438 ,25.6871 ,28.0726 
1.9042 ,3.5855 ,4.3268 ,4.7794 ,0.1288 ,0.2463 ,0.7937 ,0.8013 ,-0.6764 ,1.9120 ,2.8196 ,30.8154 ,19.9279 
1.5042 ,2.5656 ,2.7603 ,4.0368 ,0.1311 ,0.7273 ,0.8443 ,0.8343 ,-0.4833 ,1.9922 ,3.8357 ,23.7669 ,32.1105 
1.4534 ,2.3600 ,2.5771 ,3.9233 ,0.1404 ,3.4341 ,0.8498 ,0.8363 ,-0.4303 ,1.9231 ,3.9702 ,21.4490 ,36.2170 
1.8960 ,3.5723 ,4.2948 ,4.7631 ,0.1318 ,0.6452 ,0.7962 ,0.8047 ,-0.6692 ,1.9060 ,2.8291 ,30.7234 ,19.5004 
1.5023 ,2.8256 ,2.7010 ,4.0875 ,0.1318 ,0.2908 ,0.8504 ,0.8533 ,-0.5611 ,1.9872 ,3.7115 ,28.0372 ,22.7643 
1.4941 ,2.7798 ,2.6993 ,4.0626 ,0.1326 ,0.3758 ,0.8485 ,0.8492 ,-0.5560 ,1.9907 ,3.7318 ,27.3219 ,23.6549 
1.5335 ,2.8194 ,2.9928 ,4.1066 ,0.1378 ,1.6162 ,0.8463 ,0.8497 ,-0.5460 ,2.0038 ,3.7168 ,26.2729 ,25.4478 
1.7088 ,3.2927 ,3.5229 ,4.4355 ,0.1308 ,0.3654 ,0.8062 ,0.8171 ,-0.6619 ,1.9160 ,3.1552 ,30.4290 ,13.7582 
1.4945 ,2.5646 ,2.7462 ,4.0384 ,0.1296 ,0.3273 ,0.8613 ,0.8584 ,-0.4581 ,2.0021 ,3.8584 ,23.6971 ,34.1800 
1.9254 ,3.5921 ,4.2714 ,4.8312 ,0.1297 ,0.2382 ,0.8112 ,0.8264 ,-0.6543 ,1.9032 ,2.8130 ,31.3168 ,18.3298 
1.4690 ,2.4678 ,2.6355 ,3.9717 ,0.1264 ,0.2418 ,0.8495 ,0.8374 ,-0.4591 ,2.0111 ,3.9033 ,22.6866 ,35.1508 
1.8996 ,3.5750 ,4.2873 ,4.7713 ,0.1380 ,1.5974 ,0.7915 ,0.7994 ,-0.6764 ,1.8808 ,2.8315 ,30.8069 ,19.6960 
1.4218 ,2.2166 ,2.4628 ,3.8526 ,0.1246 ,0.2459 ,0.8569 ,0.8416 ,-0.3885 ,2.0052 ,4.0405 ,19.6664 ,40.0574 
1.8981 ,3.5649 ,4.2658 ,4.7683 ,0.1298 ,0.3002 ,0.7957 ,0.8055 ,-0.6648 ,1.8925 ,2.8363 ,30.8464 ,19.0456 
1.5301 ,2.8339 ,2.8792 ,4.1154 ,0.1358 ,1.0172 ,0.8490 ,0.8534 ,-0.5415 ,1.9844 ,3.6901 ,26.8226 ,24.7860 
1.5006 ,2.6164 ,2.8187 ,4.0439 ,0.1334 ,0.7419 ,0.8607 ,0.8583 ,-0.4748 ,2.0176 ,3.8401 ,24.1451 ,31.4549 
1.5854 ,3.0237 ,3.1392 ,4.2079 ,0.1310 ,0.3940 ,0.8346 ,0.8418 ,-0.6000 ,1.9902 ,3.4910 ,28.3737 ,19.3456 
1.5428 ,2.8726 ,2.9685 ,4.1281 ,0.1327 ,0.5775 ,0.8389 ,0.8433 ,-0.5688 ,1.9868 ,3.6525 ,27.0104 ,23.2453 
1.5277 ,2.8369 ,2.8739 ,4.1206 ,0.1325 ,0.5012 ,0.8581 ,0.8606 ,-0.5323 ,2.0176 ,3.6836 ,27.0280 ,25.8590 
1.5361 ,2.8441 ,2.9107 ,4.1369 ,0.1304 ,0.2622 ,0.8572 ,0.8602 ,-0.5303 ,2.0130 ,3.6685 ,26.9360 ,26.8010 
1.8990 ,3.5826 ,4.2951 ,4.7726 ,0.1299 ,0.3344 ,0.7944 ,0.8033 ,-0.6774 ,1.9085 ,2.8210 ,30.9281 ,19.8293 
1.4838 ,2.6171 ,2.7124 ,4.0047 ,0.1308 ,0.5467 ,0.8451 ,0.8372 ,-0.5004 ,2.0024 ,3.8506 ,24.7119 ,30.2975 
1.4333 ,2.3244 ,2.4908 ,3.8912 ,0.1265 ,0.2572 ,0.8492 ,0.8345 ,-0.4305 ,1.9953 ,3.9913 ,21.2592 ,36.9178 
1.8982 ,3.5668 ,4.2638 ,4.7684 ,0.1308 ,0.4139 ,0.7938 ,0.8018 ,-0.6716 ,1.8970 ,2.8290 ,30.8069 ,19.6647 
1.4329 ,2.3226 ,2.4886 ,3.8902 ,0.1266 ,0.2772 ,0.8498 ,0.8354 ,-0.4291 ,1.9953 ,3.9956 ,21.2430 ,36.9456 
1.8982 ,3.5667 ,4.2635 ,4.7685 ,0.1299 ,0.3184 ,0.7971 ,0.8051 ,-0.6682 ,1.9056 ,2.8257 ,30.8080 ,19.6591 
1.8982 ,3.5668 ,4.2638 ,4.7685 ,0.1297 ,0.3057 ,0.7970 ,0.8050 ,-0.6683 ,1.9060 ,2.8266 ,30.8070 ,19.6625 
1.4332 ,2.3229 ,2.4898 ,3.8906 ,0.1270 ,0.3181 ,0.8498 ,0.8354 ,-0.4289 ,1.9950 ,3.9945 ,21.2431 ,36.9393 
1.5223 ,2.7961 ,2.8763 ,4.0947 ,0.1290 ,0.2293 ,0.8499 ,0.8530 ,-0.5325 ,2.0062 ,3.7120 ,26.3944 ,26.1081 
1.5188 ,2.7802 ,2.8660 ,4.0896 ,0.1362 ,1.2441 ,0.8572 ,0.8605 ,-0.5198 ,2.0077 ,3.7282 ,26.2381 ,26.8395 
1.5183 ,2.7776 ,2.8635 ,4.0887 ,0.1329 ,0.6449 ,0.8525 ,0.8511 ,-0.5271 ,2.0181 ,3.7255 ,26.2135 ,26.8932 
1.5220 ,2.7949 ,2.8753 ,4.0941 ,0.1287 ,0.2049 ,0.8485 ,0.8475 ,-0.5354 ,2.0110 ,3.7048 ,26.3846 ,26.1181 
1.5220 ,2.7945 ,2.8744 ,4.0942 ,0.1299 ,0.3152 ,0.8500 ,0.8530 ,-0.5319 ,2.0049 ,3.7130 ,26.3828 ,26.1348 
1.5183 ,2.7778 ,2.8636 ,4.0888 ,0.1312 ,0.4176 ,0.8575 ,0.8607 ,-0.5190 ,2.0215 ,3.7264 ,26.2160 ,26.8900 
1.4335 ,2.3262 ,2.4921 ,3.8919 ,0.1272 ,0.3573 ,0.8492 ,0.8345 ,-0.4312 ,1.9941 ,3.9894 ,21.2785 ,36.8941 
1.8981 ,3.5668 ,4.2638 ,4.7682 ,0.1300 ,0.3181 ,0.7936 ,0.8016 ,-0.6721 ,1.8964 ,2.8282 ,30.8066 ,19.6658 
1.5218 ,2.7935 ,2.8739 ,4.0937 ,0.1308 ,0.4118 ,0.8487 ,0.8477 ,-0.5344 ,2.0091 ,3.7027 ,26.3689 ,26.1628 
1.5186 ,2.7798 ,2.8650 ,4.0894 ,0.1325 ,0.6043 ,0.8524 ,0.8512 ,-0.5280 ,2.0146 ,3.7237 ,26.2371 ,26.8424 
1.4581 ,2.4082 ,2.6608 ,3.9450 ,0.1267 ,0.2846 ,0.8609 ,0.8524 ,-0.4241 ,2.0238 ,3.9444 ,21.6481 ,37.4338 
1.8956 ,3.5661 ,4.1881 ,4.7743 ,0.1295 ,0.2526 ,0.8028 ,0.8155 ,-0.6645 ,1.8980 ,2.8364 ,31.2034 ,17.0338 
1.5058 ,2.7581 ,2.8332 ,4.0706 ,0.1291 ,0.2177 ,0.8541 ,0.8531 ,-0.5178 ,2.0251 ,3.7481 ,25.9907 ,28.6210 
1.5165 ,2.7815 ,2.8516 ,4.0869 ,0.1317 ,0.4613 ,0.8521 ,0.8519 ,-0.5280 ,2.0146 ,3.7206 ,26.3366 ,26.8619 
1.5159 ,2.7829 ,2.8663 ,4.0892 ,0.1324 ,0.5806 ,0.8550 ,0.8584 ,-0.5195 ,2.0110 ,3.7183 ,26.2031 ,27.6850 
1.5071 ,2.7715 ,2.8157 ,4.0791 ,0.1298 ,0.2522 ,0.8593 ,0.8628 ,-0.5141 ,2.0153 ,3.7419 ,26.2965 ,27.8300 
1.8869 ,3.5535 ,4.2121 ,4.7476 ,0.1331 ,0.7137 ,0.7925 ,0.7985 ,-0.6766 ,1.8998 ,2.8337 ,30.8491 ,18.7333 
1.4534 ,2.3519 ,2.6365 ,3.9280 ,0.1299 ,0.8218 ,0.8552 ,0.8402 ,-0.4175 ,2.0229 ,3.9772 ,21.0811 ,38.1847 
1.9017 ,3.5716 ,4.2802 ,4.7751 ,0.1302 ,0.3646 ,0.7969 ,0.8043 ,-0.6688 ,1.9071 ,2.8259 ,30.8103 ,19.8548 
1.4379 ,2.3272 ,2.5082 ,3.8966 ,0.1265 ,0.2731 ,0.8547 ,0.8412 ,-0.4214 ,2.0055 ,3.9890 ,21.1643 ,36.8409 
1.5164 ,2.7852 ,2.8445 ,4.0889 ,0.1320 ,0.4560 ,0.8514 ,0.8503 ,-0.5305 ,2.0120 ,3.7165 ,26.4312 ,26.6454 
1.4984 ,2.7390 ,2.7729 ,4.0613 ,0.1291 ,0.2415 ,0.8548 ,0.8522 ,-0.5138 ,2.0236 ,3.7432 ,25.8599 ,29.2886 
1.4224 ,2.3215 ,2.4711 ,3.8705 ,0.1271 ,0.3406 ,0.8560 ,0.8416 ,-0.4188 ,2.0124 ,3.9894 ,21.1376 ,37.1673 
1.8878 ,3.5537 ,4.2064 ,4.7507 ,0.1331 ,0.7873 ,0.7917 ,0.7996 ,-0.6741 ,1.8831 ,2.8410 ,30.8084 ,19.0102 
1.8895 ,3.5579 ,4.2233 ,4.7536 ,0.1302 ,0.3699 ,0.7924 ,0.8004 ,-0.6738 ,1.8919 ,2.8372 ,30.7767 ,19.2568 
1.4231 ,2.3305 ,2.4790 ,3.8731 ,0.1266 ,0.2724 ,0.8556 ,0.8414 ,-0.4225 ,2.0150 ,3.9899 ,21.2507 ,36.9175 
1.5193 ,2.7833 ,2.8644 ,4.0899 ,0.1371 ,1.3583 ,0.8506 ,0.8538 ,-0.5286 ,1.9938 ,3.7159 ,26.2581 ,26.6019 
1.5170 ,2.7792 ,2.8406 ,4.0886 ,0.1306 ,0.2971 ,0.8508 ,0.8532 ,-0.5297 ,1.9984 ,3.7228 ,26.2565 ,26.7120 
1.8865 ,3.5634 ,4.2418 ,4.7464 ,0.1300 ,0.3526 ,0.7886 ,0.7945 ,-0.6845 ,1.9039 ,2.8293 ,30.8306 ,19.5417 
1.4624 ,2.5240 ,2.6933 ,3.9579 ,0.1278 ,0.2979 ,0.8489 ,0.8366 ,-0.4721 ,2.0333 ,3.8996 ,23.3366 ,34.1555 
1.8894 ,3.5570 ,4.2253 ,4.7526 ,0.1292 ,0.2576 ,0.7937 ,0.8007 ,-0.6734 ,1.9013 ,2.8356 ,30.7732 ,19.2695 
1.4268 ,2.3084 ,2.5049 ,3.8792 ,0.1260 ,0.2524 ,0.8561 ,0.8419 ,-0.4156 ,2.0189 ,3.9996 ,20.8646 ,38.2732 
1.5265 ,2.8395 ,2.8353 ,4.1211 ,0.1373 ,1.1776 ,0.8501 ,0.8532 ,-0.5467 ,1.9841 ,3.6685 ,27.1902 ,24.7008 
1.4746 ,2.5629 ,2.7215 ,3.9818 ,0.1282 ,0.3416 ,0.8584 ,0.8534 ,-0.4649 ,2.0224 ,3.8422 ,23.5056 ,31.9824 
1.8817 ,3.5457 ,4.1998 ,4.7369 ,0.1364 ,1.3016 ,0.7933 ,0.7998 ,-0.6723 ,1.8899 ,2.8441 ,30.7988 ,18.6536 
1.4099 ,2.2184 ,2.4515 ,3.8354 ,0.1284 ,0.8295 ,0.8547 ,0.8382 ,-0.3969 ,2.0067 ,4.0438 ,19.7266 ,40.1146 
1.4953 ,2.7132 ,2.7707 ,4.0422 ,0.1316 ,0.4456 ,0.8466 ,0.8452 ,-0.5236 ,1.9988 ,3.7637 ,25.6103 ,27.7411 
1.4975 ,2.7196 ,2.8195 ,4.0459 ,0.1283 ,0.2224 ,0.8564 ,0.8548 ,-0.5056 ,2.0346 ,3.7742 ,25.4117 ,29.0308 
1.4977 ,2.7120 ,2.8107 ,4.0483 ,0.1305 ,0.3777 ,0.8606 ,0.8608 ,-0.4969 ,2.0282 ,3.7743 ,25.3358 ,29.4961 
1.5146 ,2.7843 ,2.8114 ,4.0873 ,0.1341 ,0.7170 ,0.8483 ,0.8506 ,-0.5359 ,1.9815 ,3.7097 ,26.4679 ,26.1599 
1.5196 ,2.7910 ,2.8571 ,4.1025 ,0.1342 ,0.9406 ,0.8647 ,0.8679 ,-0.5073 ,2.0170 ,3.7149 ,26.3416 ,28.0873 
1.5393 ,2.8658 ,2.8435 ,4.1507 ,0.1344 ,0.6743 ,0.8544 ,0.8599 ,-0.5419 ,1.9849 ,3.6300 ,27.5784 ,25.0671 
1.4256 ,2.3113 ,2.5002 ,3.8780 ,0.1257 ,0.2211 ,0.8562 ,0.8419 ,-0.4164 ,2.0203 ,4.0054 ,20.9422 ,38.1695 
1.8878 ,3.5565 ,4.2248 ,4.7494 ,0.1378 ,1.5574 ,0.7924 ,0.7997 ,-0.6738 ,1.8813 ,2.8420 ,30.7634 ,19.2422 
1.4981 ,2.7170 ,2.7686 ,4.0488 ,0.1310 ,0.3843 ,0.8475 ,0.8463 ,-0.5224 ,1.9971 ,3.7565 ,25.7116 ,27.7869 
1.5102 ,2.7872 ,2.8455 ,4.0806 ,0.1334 ,0.7447 ,0.8572 ,0.8577 ,-0.5196 ,2.0281 ,3.7157 ,26.2361 ,28.0118 
1.4178 ,2.2267 ,2.4616 ,3.8531 ,0.1290 ,0.6691 ,0.8582 ,0.8428 ,-0.3916 ,1.9957 ,4.0413 ,19.8559 ,39.6846 
1.8907 ,3.5527 ,4.2175 ,4.7542 ,0.1348 ,0.9774 ,0.7956 ,0.8029 ,-0.6680 ,1.8925 ,2.8377 ,30.7670 ,19.0672 
1.4006 ,2.5827 ,2.2916 ,3.8815 ,0.1308 ,0.3162 ,0.8501 ,0.8428 ,-0.5141 ,1.9907 ,3.8854 ,25.6949 ,26.4150 
1.4993 ,2.6149 ,2.8476 ,4.0293 ,0.1321 ,0.9315 ,0.8527 ,0.8446 ,-0.4801 ,2.0161 ,3.8318 ,24.1216 ,33.3699 
1.5195 ,2.8365 ,2.9172 ,4.0991 ,0.1291 ,0.2294 ,0.8553 ,0.8597 ,-0.5360 ,2.0369 ,3.7053 ,26.6833 ,26.9480 
1.5114 ,2.7717 ,2.8235 ,4.0745 ,0.1381 ,1.5849 ,0.8521 ,0.8539 ,-0.5242 ,1.9933 ,3.7327 ,26.2384 ,26.7046 
1.9163 ,3.5888 ,4.2499 ,4.8155 ,0.1306 ,0.3345 ,0.8077 ,0.8227 ,-0.6593 ,1.8996 ,2.8187 ,31.3053 ,18.1785 
1.5118 ,2.6476 ,2.8322 ,4.0692 ,0.1284 ,0.2520 ,0.8577 ,0.8557 ,-0.4821 ,2.0214 ,3.8061 ,24.6445 ,31.7152 
1.5070 ,2.7414 ,2.8669 ,4.0545 ,0.1297 ,0.3227 ,0.8486 ,0.8448 ,-0.5200 ,2.0215 ,3.7504 ,25.8663 ,28.9357 
1.4623 ,2.6849 ,2.5436 ,4.0036 ,0.1307 ,0.2813 ,0.8566 ,0.8532 ,-0.5147 ,2.0088 ,3.7947 ,26.1897 ,27.8570 
1.5141 ,2.8178 ,2.8018 ,4.0948 ,0.1292 ,0.2172 ,0.8581 ,0.8629 ,-0.5246 ,2.0054 ,3.6866 ,26.9461 ,26.6522 
1.5291 ,2.9106 ,2.9053 ,4.1195 ,0.1300 ,0.2229 ,0.8484 ,0.8550 ,-0.5675 ,2.0093 ,3.6278 ,28.1320 ,22.8818 
1.3979 ,2.1390 ,2.3807 ,3.7973 ,0.1261 ,0.4118 ,0.8509 ,0.8318 ,-0.3835 ,1.9921 ,4.0728 ,18.8360 ,40.5068 
1.8745 ,3.5343 ,4.1663 ,4.7220 ,0.1350 ,1.0701 ,0.7917 ,0.7983 ,-0.6729 ,1.8884 ,2.8461 ,30.7218 ,18.5747 
1.4557 ,2.6156 ,2.6108 ,3.9618 ,0.1311 ,0.4009 ,0.8460 ,0.8388 ,-0.5079 ,2.0019 ,3.8156 ,24.5789 ,29.1246 
1.5058 ,2.7546 ,2.8467 ,4.0655 ,0.1321 ,0.4712 ,0.8545 ,0.8514 ,-0.5143 ,2.0250 ,3.7389 ,25.7672 ,28.3335 
1.8678 ,3.5461 ,4.1919 ,4.7100 ,0.1370 ,1.4615 ,0.7873 ,0.7940 ,-0.6848 ,1.8869 ,2.8453 ,30.7139 ,18.8488 
1.4634 ,2.4885 ,2.6758 ,3.9541 ,0.1256 ,0.1819 ,0.8443 ,0.8314 ,-0.4694 ,2.0166 ,3.9203 ,22.8590 ,34.1408 
1.4295 ,2.3532 ,2.5073 ,3.8887 ,0.1263 ,0.2704 ,0.8471 ,0.8326 ,-0.4388 ,2.0045 ,3.9757 ,21.4199 ,36.6316 
1.8861 ,3.5548 ,4.2162 ,4.7460 ,0.1286 ,0.2278 ,0.7915 ,0.7987 ,-0.6783 ,1.8995 ,2.8338 ,30.7488 ,19.4880 
1.5057 ,2.7580 ,2.8658 ,4.0516 ,0.1304 ,0.4417 ,0.8517 ,0.8536 ,-0.5218 ,2.0253 ,3.7390 ,25.9027 ,27.4376 
1.5183 ,2.7986 ,2.8380 ,4.0913 ,0.1297 ,0.2659 ,0.8503 ,0.8524 ,-0.5341 ,2.0091 ,3.7002 ,26.4914 ,25.7744 
1.4277 ,2.2844 ,2.4729 ,3.8705 ,0.1287 ,0.6167 ,0.8461 ,0.8300 ,-0.4223 ,1.9800 ,4.0081 ,20.6672 ,37.2019 
1.8968 ,3.5664 ,4.2682 ,4.7653 ,0.1294 ,0.2889 ,0.7948 ,0.8030 ,-0.6701 ,1.8994 ,2.8288 ,30.7579 ,19.9862 
1.4302 ,2.3423 ,2.4872 ,3.8851 ,0.1270 ,0.2901 ,0.8477 ,0.8332 ,-0.4382 ,1.9963 ,3.9854 ,21.5088 ,35.7217 
1.8940 ,3.5654 ,4.2583 ,4.7604 ,0.1286 ,0.2288 ,0.7926 ,0.8002 ,-0.6752 ,1.9015 ,2.8301 ,30.7830 ,20.1581 
1.4301 ,2.3424 ,2.4869 ,3.8850 ,0.1270 ,0.2891 ,0.8477 ,0.8332 ,-0.4382 ,1.9964 ,3.9854 ,21.5111 ,35.7187 
1.8940 ,3.5654 ,4.2582 ,4.7604 ,0.1285 ,0.2200 ,0.7926 ,0.8002 ,-0.6753 ,1.9016 ,2.8306 ,30.7832 ,20.1553 
1.4301 ,2.3419 ,2.4864 ,3.8848 ,0.1271 ,0.2932 ,0.8480 ,0.8337 ,-0.4372 ,1.9956 ,3.9883 ,21.5063 ,35.7290 
1.8941 ,3.5654 ,4.2581 ,4.7606 ,0.1285 ,0.2235 ,0.7956 ,0.8034 ,-0.6719 ,1.9090 ,2.8279 ,30.7845 ,20.1544 
1.5162 ,2.7861 ,2.8437 ,4.0822 ,0.1345 ,0.9698 ,0.8476 ,0.8459 ,-0.5332 ,2.0026 ,3.7073 ,26.3555 ,26.2336 
1.5230 ,2.8579 ,2.9510 ,4.0870 ,0.1300 ,0.3358 ,0.8402 ,0.8400 ,-0.5627 ,2.0202 ,3.6621 ,26.9709 ,25.2114 
1.4060 ,2.4901 ,2.3205 ,3.8733 ,0.1325 ,0.6297 ,0.8511 ,0.8425 ,-0.4857 ,1.9881 ,3.9181 ,24.0984 ,29.5940 
1.5242 ,2.7893 ,2.9422 ,4.0836 ,0.1303 ,0.3489 ,0.8480 ,0.8459 ,-0.5267 ,2.0134 ,3.7055 ,26.1060 ,27.8845 
1.5242 ,2.7891 ,2.9421 ,4.0836 ,0.1303 ,0.3495 ,0.8480 ,0.8459 ,-0.5266 ,2.0134 ,3.7055 ,26.1042 ,27.8920 
1.4061 ,2.4906 ,2.3207 ,3.8735 ,0.1325 ,0.6234 ,0.8511 ,0.8425 ,-0.4858 ,1.9882 ,3.9178 ,24.1071 ,29.5775 
1.4059 ,2.4901 ,2.3201 ,3.8731 ,0.1324 ,0.6277 ,0.8507 ,0.8415 ,-0.4863 ,1.9892 ,3.9137 ,24.1007 ,29.5922 
1.5241 ,2.7893 ,2.9423 ,4.0834 ,0.1304 ,0.3509 ,0.8445 ,0.8409 ,-0.5320 ,2.0100 ,3.7035 ,26.1055 ,27.8901 
1.4059 ,2.4900 ,2.3203 ,3.8731 ,0.1325 ,0.6320 ,0.8507 ,0.8416 ,-0.4862 ,1.9892 ,3.9138 ,24.0990 ,29.5951 
1.5241 ,2.7887 ,2.9415 ,4.0834 ,0.1303 ,0.3490 ,0.8446 ,0.8410 ,-0.5317 ,2.0100 ,3.7037 ,26.1007 ,27.9011 
1.5161 ,2.7858 ,2.8431 ,4.0821 ,0.1345 ,0.9714 ,0.8477 ,0.8460 ,-0.5332 ,2.0027 ,3.7076 ,26.3550 ,26.2402 
1.5228 ,2.8570 ,2.9502 ,4.0866 ,0.1300 ,0.3331 ,0.8403 ,0.8400 ,-0.5624 ,2.0204 ,3.6629 ,26.9634 ,25.2317 
1.5158 ,2.7851 ,2.8418 ,4.0816 ,0.1349 ,1.0383 ,0.8483 ,0.8500 ,-0.5310 ,1.9958 ,3.7174 ,26.3493 ,26.2595 
1.5233 ,2.8588 ,2.9522 ,4.0875 ,0.1301 ,0.3448 ,0.8463 ,0.8511 ,-0.5530 ,2.0243 ,3.6651 ,26.9780 ,25.1815 
1.4302 ,2.3423 ,2.4870 ,3.8850 ,0.1270 ,0.2900 ,0.8479 ,0.8337 ,-0.4373 ,1.9959 ,3.9881 ,21.5100 ,35.7206 
1.8941 ,3.5654 ,4.2582 ,4.7606 ,0.1285 ,0.2249 ,0.7956 ,0.8034 ,-0.6719 ,1.9090 ,2.8280 ,30.7844 ,20.1559 
1.5160 ,2.7859 ,2.8433 ,4.0820 ,0.1348 ,1.0135 ,0.8482 ,0.8499 ,-0.5313 ,1.9962 ,3.7169 ,26.3556 ,26.2381 
1.5231 ,2.8581 ,2.9514 ,4.0871 ,0.1300 ,0.3392 ,0.8463 ,0.8511 ,-0.5528 ,2.0244 ,3.6659 ,26.9724 ,25.2058 
1.5202 ,2.8229 ,2.8812 ,4.0913 ,0.1311 ,0.3917 ,0.8449 ,0.8439 ,-0.5484 ,2.0140 ,3.6891 ,26.7492 ,25.0409 
1.5216 ,2.8588 ,2.9324 ,4.0894 ,0.1314 ,0.5049 ,0.8410 ,0.8396 ,-0.5585 ,2.0182 ,3.6610 ,26.9525 ,26.4071 
1.4970 ,2.7514 ,2.8068 ,4.0448 ,0.1319 ,0.4173 ,0.8550 ,0.8579 ,-0.5219 ,2.0234 ,3.7530 ,25.9660 ,27.7581 
1.5189 ,2.8064 ,2.8647 ,4.0905 ,0.1294 ,0.2805 ,0.8489 ,0.8516 ,-0.5380 ,2.0040 ,3.6997 ,26.5267 ,25.4102 
1.8739 ,3.5393 ,4.1651 ,4.7226 ,0.1307 ,0.4258 ,0.7909 ,0.7969 ,-0.6777 ,1.8976 ,2.8364 ,30.6986 ,18.8591 
1.4205 ,2.2804 ,2.4754 ,3.8605 ,0.1312 ,0.9823 ,0.8515 ,0.8365 ,-0.4184 ,1.9978 ,4.0147 ,20.5468 ,38.2047 
1.5469 ,2.8893 ,2.9619 ,4.1297 ,0.1305 ,0.5096 ,0.8332 ,0.8320 ,-0.5674 ,1.9718 ,3.5690 ,27.1666 ,24.0509 
1.4991 ,2.7587 ,2.7717 ,4.0535 ,0.1317 ,0.5147 ,0.8472 ,0.8455 ,-0.5334 ,2.0070 ,3.7318 ,26.1025 ,26.2018 
1.4359 ,2.3431 ,2.5291 ,3.8881 ,0.1280 ,0.4685 ,0.8456 ,0.8307 ,-0.4357 ,1.9907 ,3.9901 ,21.2749 ,35.8274 
1.8908 ,3.5687 ,4.2811 ,4.7527 ,0.1325 ,0.6818 ,0.7943 ,0.8020 ,-0.6722 ,1.9080 ,2.8276 ,30.6385 ,20.3669 
1.4140 ,2.3997 ,2.4261 ,3.8681 ,0.1307 ,0.6853 ,0.8577 ,0.8472 ,-0.4444 ,2.0057 ,3.9487 ,22.4610 ,32.6717 
1.3912 ,2.5173 ,2.2520 ,3.8713 ,0.1341 ,0.6242 ,0.8550 ,0.8486 ,-0.4988 ,1.9924 ,3.9129 ,24.8824 ,28.5481 
1.4517 ,2.6184 ,2.5950 ,3.9542 ,0.1324 ,0.6909 ,0.8501 ,0.8425 ,-0.5020 ,2.0103 ,3.8286 ,24.7696 ,29.3457 
1.5118 ,2.7676 ,2.8813 ,4.0566 ,0.1347 ,1.1253 ,0.8431 ,0.8379 ,-0.5314 ,1.9974 ,3.7315 ,25.9723 ,27.4371 
1.5095 ,2.7757 ,2.7948 ,4.0789 ,0.1322 ,0.4204 ,0.8535 ,0.8563 ,-0.5272 ,2.0029 ,3.7254 ,26.3986 ,26.1947 
1.4926 ,2.7362 ,2.7802 ,4.0387 ,0.1342 ,0.8012 ,0.8488 ,0.8482 ,-0.5191 ,1.9987 ,3.7475 ,25.7002 ,27.9249 
1.4252 ,2.3759 ,2.5037 ,3.8798 ,0.1268 ,0.2747 ,0.8478 ,0.8337 ,-0.4417 ,2.0025 ,3.9675 ,21.7772 ,36.0231 
1.8780 ,3.5503 ,4.2002 ,4.7310 ,0.1311 ,0.4608 ,0.7930 ,0.8002 ,-0.6767 ,1.9044 ,2.8345 ,30.7212 ,19.5130 
1.3889 ,2.4797 ,2.2622 ,3.8483 ,0.1314 ,0.4602 ,0.8486 ,0.8382 ,-0.4896 ,1.9972 ,3.9224 ,24.2003 ,29.7711 
1.4826 ,2.6716 ,2.7505 ,4.0174 ,0.1308 ,0.3466 ,0.8531 ,0.8476 ,-0.5051 ,2.0261 ,3.8114 ,25.2672 ,31.0292 
1.4482 ,2.3727 ,2.5641 ,3.9116 ,0.1259 ,0.2812 ,0.8519 ,0.8377 ,-0.4277 ,2.0020 ,3.9374 ,21.6948 ,37.5419 
1.8859 ,3.5576 ,4.2311 ,4.7448 ,0.1298 ,0.3241 ,0.7889 ,0.7964 ,-0.6786 ,1.8931 ,2.8345 ,30.7378 ,19.8157 
1.5152 ,2.7800 ,2.8302 ,4.0994 ,0.1303 ,0.2364 ,0.8619 ,0.8654 ,-0.5095 ,2.0187 ,3.7265 ,26.2919 ,28.7301 
1.5181 ,2.7909 ,2.8400 ,4.1041 ,0.1357 ,0.8311 ,0.8635 ,0.8676 ,-0.5121 ,2.0182 ,3.7277 ,26.5177 ,28.0225 
1.4321 ,2.3004 ,2.4772 ,3.8858 ,0.1333 ,1.2081 ,0.8482 ,0.8335 ,-0.4243 ,1.9664 ,3.9942 ,21.0338 ,36.9490 
1.8958 ,3.5627 ,4.2488 ,4.7640 ,0.1292 ,0.2743 ,0.7954 ,0.8036 ,-0.6704 ,1.8997 ,2.8293 ,30.8193 ,19.9898 
1.4277 ,2.3299 ,2.5070 ,3.8785 ,0.1257 ,0.2535 ,0.8543 ,0.8400 ,-0.4215 ,2.0205 ,3.9846 ,21.0981 ,37.6669 
1.8827 ,3.5505 ,4.2011 ,4.7400 ,0.1331 ,0.7465 ,0.7917 ,0.7984 ,-0.6773 ,1.8944 ,2.8406 ,30.7628 ,19.3835 
1.8899 ,3.5587 ,4.2414 ,4.7520 ,0.1310 ,0.4629 ,0.7949 ,0.8027 ,-0.6712 ,1.9015 ,2.8291 ,30.7303 ,20.0112 
1.4225 ,2.2860 ,2.4534 ,3.8612 ,0.1274 ,0.5279 ,0.8424 ,0.8261 ,-0.4284 ,1.9768 ,4.0113 ,20.7572 ,36.7242 
1.4991 ,2.7004 ,2.8455 ,4.0326 ,0.1302 ,0.4452 ,0.8478 ,0.8414 ,-0.5081 ,2.0207 ,3.7757 ,25.2695 ,29.7775 
1.4089 ,2.4639 ,2.4004 ,3.8622 ,0.1290 ,0.3257 ,0.8530 ,0.8423 ,-0.4677 ,2.0126 ,3.9200 ,23.2484 ,31.6021 
1.5127 ,2.7832 ,2.8437 ,4.0909 ,0.1305 ,0.3175 ,0.8623 ,0.8644 ,-0.5112 ,2.0288 ,3.7245 ,26.2928 ,28.2882 
1.5428 ,2.8981 ,2.9031 ,4.1506 ,0.1358 ,1.0053 ,0.8480 ,0.8533 ,-0.5577 ,1.9842 ,3.6185 ,27.7746 ,23.5522 
1.8855 ,3.5560 ,4.2214 ,4.7454 ,0.1291 ,0.2568 ,0.7924 ,0.7995 ,-0.6755 ,1.9018 ,2.8352 ,30.7735 ,19.6044 
1.4245 ,2.3168 ,2.4980 ,3.8698 ,0.1356 ,2.2319 ,0.8547 ,0.8401 ,-0.4175 ,1.9898 ,3.9973 ,21.0314 ,37.4320 
1.5184 ,2.7947 ,2.8410 ,4.0909 ,0.1349 ,1.0814 ,0.8537 ,0.8542 ,-0.5281 ,2.0071 ,3.7107 ,26.5301 ,25.9534 
1.5201 ,2.8278 ,2.9101 ,4.0833 ,0.1291 ,0.2502 ,0.8466 ,0.8478 ,-0.5451 ,2.0172 ,3.6815 ,26.7281 ,26.1392 
1.8923 ,3.5646 ,4.2571 ,4.7569 ,0.1298 ,0.3354 ,0.7944 ,0.8022 ,-0.6732 ,1.9047 ,2.8277 ,30.7376 ,20.2911 
1.4332 ,2.3503 ,2.4994 ,3.8891 ,0.1277 ,0.4512 ,0.8423 ,0.8274 ,-0.4432 ,1.9832 ,3.9794 ,21.5126 ,35.5879 
1.5014 ,2.7091 ,2.8721 ,4.0421 ,0.1289 ,0.2942 ,0.8517 ,0.8468 ,-0.5037 ,2.0282 ,3.7742 ,25.2419 ,30.9175 
1.3904 ,2.4688 ,2.2504 ,3.8457 ,0.1313 ,0.4668 ,0.8440 ,0.8332 ,-0.4945 ,1.9778 ,3.9238 ,23.9446 ,29.4519 
1.4162 ,2.6086 ,2.2969 ,3.9193 ,0.1326 ,0.4023 ,0.8454 ,0.8392 ,-0.5279 ,1.9690 ,3.8237 ,25.8672 ,25.8672 
1.4645 ,2.4913 ,2.7017 ,3.9487 ,0.1259 ,0.2435 ,0.8532 ,0.8435 ,-0.4522 ,2.0180 ,3.8775 ,22.7611 ,35.0900 
1.4575 ,2.5507 ,2.7055 ,3.9508 ,0.1269 ,0.2129 ,0.8473 ,0.8365 ,-0.4825 ,2.0410 ,3.8983 ,23.7329 ,34.6344 
1.8808 ,3.5622 ,4.2300 ,4.7368 ,0.1376 ,1.5547 ,0.7871 ,0.7932 ,-0.6880 ,1.8848 ,2.8329 ,30.8086 ,19.9103 
1.5171 ,2.8084 ,2.8181 ,4.0922 ,0.1333 ,0.6755 ,0.8457 ,0.8476 ,-0.5424 ,1.9848 ,3.6851 ,26.7376 ,25.2673 
1.5029 ,2.7776 ,2.8833 ,4.0538 ,0.1301 ,0.3072 ,0.8521 ,0.8529 ,-0.5257 ,2.0307 ,3.7348 ,26.0314 ,28.6568 
1.5008 ,2.7418 ,2.7787 ,4.0583 ,0.1316 ,0.4260 ,0.8470 ,0.8466 ,-0.5275 ,1.9995 ,3.7403 ,25.9866 ,27.1052 
1.5082 ,2.7784 ,2.8305 ,4.0791 ,0.1411 ,2.3197 ,0.8585 ,0.8590 ,-0.5124 ,2.0026 ,3.7134 ,26.2007 ,28.6949 
1.5189 ,2.7951 ,2.8524 ,4.0898 ,0.1362 ,1.3734 ,0.8523 ,0.8523 ,-0.5299 ,1.9993 ,3.7120 ,26.4851 ,25.8544 
1.5104 ,2.7825 ,2.8814 ,4.0589 ,0.1289 ,0.2533 ,0.8463 ,0.8458 ,-0.5351 ,2.0164 ,3.7123 ,26.1882 ,26.9594 
1.4108 ,2.4723 ,2.3931 ,3.8670 ,0.1286 ,0.2795 ,0.8533 ,0.8431 ,-0.4706 ,2.0069 ,3.9090 ,23.4099 ,30.9441 
1.5143 ,2.7625 ,2.8934 ,4.0664 ,0.1340 ,0.9540 ,0.8464 ,0.8417 ,-0.5246 ,2.0107 ,3.7309 ,25.8997 ,28.6544 
1.4653 ,2.5520 ,2.6791 ,3.9661 ,0.1303 ,0.4698 ,0.8437 ,0.8316 ,-0.4854 ,2.0006 ,3.8706 ,23.6951 ,32.9866 
1.8829 ,3.5626 ,4.2375 ,4.7398 ,0.1297 ,0.3238 ,0.7870 ,0.7933 ,-0.6871 ,1.9005 ,2.8301 ,30.8192 ,20.0826 
1.3926 ,2.4416 ,2.3045 ,3.8480 ,0.1349 ,0.9968 ,0.8565 ,0.8468 ,-0.4636 ,1.9931 ,3.9435 ,23.2500 ,32.4956 
1.5377 ,2.8709 ,2.9485 ,4.1245 ,0.1298 ,0.2530 ,0.8446 ,0.8433 ,-0.5531 ,2.0102 ,3.6350 ,27.1879 ,25.8581 
1.8776 ,3.5424 ,4.1847 ,4.7291 ,0.1309 ,0.4550 ,0.7949 ,0.8024 ,-0.6719 ,1.9020 ,2.8374 ,30.7946 ,19.1057 
1.4056 ,2.2298 ,2.4266 ,3.8221 ,0.1271 ,0.5793 ,0.8432 ,0.8252 ,-0.4146 ,1.9744 ,4.0355 ,19.9253 ,38.9534 
1.5386 ,2.9240 ,2.9581 ,4.1256 ,0.1300 ,0.2517 ,0.8470 ,0.8542 ,-0.5664 ,2.0128 ,3.5994 ,27.8012 ,22.3020 
1.4635 ,2.5584 ,2.6892 ,3.9625 ,0.1305 ,0.5359 ,0.8533 ,0.8492 ,-0.4729 ,2.0095 ,3.8576 ,23.5007 ,31.8409 
1.3898 ,2.4360 ,2.2871 ,3.8434 ,0.1335 ,0.8269 ,0.8595 ,0.8502 ,-0.4617 ,2.0003 ,3.9518 ,23.2554 ,32.3989 
1.5223 ,2.8036 ,2.9005 ,4.0872 ,0.1298 ,0.2780 ,0.8460 ,0.8430 ,-0.5357 ,2.0109 ,3.6867 ,26.3974 ,27.1939 
1.5351 ,2.8505 ,2.9160 ,4.1182 ,0.1300 ,0.2717 ,0.8494 ,0.8493 ,-0.5404 ,2.0029 ,3.6443 ,26.9658 ,26.2057 
1.3937 ,2.4543 ,2.3222 ,3.8454 ,0.1321 ,0.7032 ,0.8531 ,0.8433 ,-0.4718 ,2.0024 ,3.9356 ,23.3480 ,31.7553 
1.4137 ,2.2287 ,2.4393 ,3.8401 ,0.1293 ,0.8156 ,0.8468 ,0.8301 ,-0.4072 ,1.9789 ,4.0369 ,19.9810 ,38.4974 
1.8895 ,3.5527 ,4.2108 ,4.7531 ,0.1350 ,1.0160 ,0.7960 ,0.8039 ,-0.6690 ,1.8913 ,2.8361 ,30.7952 ,19.5972 
1.5080 ,2.7925 ,2.8204 ,4.0804 ,0.1354 ,0.8835 ,0.8544 ,0.8554 ,-0.5241 ,2.0117 ,3.7105 ,26.3987 ,27.7710 
1.5089 ,2.8195 ,2.8839 ,4.0591 ,0.1390 ,1.8977 ,0.8454 ,0.8479 ,-0.5469 ,1.9953 ,3.6973 ,26.6690 ,25.7853 
1.5066 ,2.7419 ,2.8664 ,4.0485 ,0.1332 ,0.7915 ,0.8477 ,0.8444 ,-0.5200 ,2.0055 ,3.7433 ,25.6778 ,28.5028 
1.3886 ,2.4413 ,2.2829 ,3.8386 ,0.1299 ,0.3361 ,0.8486 ,0.8381 ,-0.4765 ,1.9899 ,3.9488 ,23.2796 ,31.6608 
1.3889 ,2.4412 ,2.2816 ,3.8378 ,0.1301 ,0.3318 ,0.8494 ,0.8388 ,-0.4744 ,1.9833 ,3.9490 ,23.2760 ,31.4750 
1.5038 ,2.7292 ,2.8478 ,4.0425 ,0.1299 ,0.4114 ,0.8459 ,0.8412 ,-0.5202 ,2.0114 ,3.7473 ,25.5888 ,28.6348 
1.5423 ,2.9320 ,2.9555 ,4.1395 ,0.1308 ,0.3098 ,0.8460 ,0.8497 ,-0.5701 ,2.0129 ,3.5878 ,27.9679 ,23.6193 
1.5157 ,2.7989 ,2.8290 ,4.0976 ,0.1399 ,2.0146 ,0.8606 ,0.8620 ,-0.5144 ,1.9974 ,3.7029 ,26.5017 ,27.7882 
1.5226 ,2.8739 ,2.9117 ,4.0924 ,0.1330 ,0.6478 ,0.8442 ,0.8467 ,-0.5613 ,2.0132 ,3.6486 ,27.2625 ,24.3397 
1.4951 ,2.7180 ,2.7926 ,4.0435 ,0.1308 ,0.5083 ,0.8583 ,0.8570 ,-0.5001 ,2.0275 ,3.7678 ,25.4433 ,29.2774 
1.8834 ,3.5556 ,4.2221 ,4.7408 ,0.1302 ,0.3818 ,0.7928 ,0.8003 ,-0.6763 ,1.9010 ,2.8341 ,30.7197 ,19.8361 
1.4266 ,2.3389 ,2.5073 ,3.8761 ,0.1272 ,0.3669 ,0.8431 ,0.8278 ,-0.4377 ,1.9909 ,3.9778 ,21.2346 ,36.8574 
1.5035 ,2.8083 ,2.8690 ,4.0473 ,0.1299 ,0.3399 ,0.8404 ,0.8388 ,-0.5539 ,2.0192 ,3.7004 ,26.5146 ,25.7753 
1.4923 ,2.7180 ,2.7911 ,4.0378 ,0.1311 ,0.5283 ,0.8551 ,0.8521 ,-0.5075 ,2.0313 ,3.7713 ,25.4553 ,28.8621 
1.4274 ,2.3363 ,2.5038 ,3.8787 ,0.1286 ,0.5978 ,0.8437 ,0.8288 ,-0.4374 ,1.9869 ,3.9821 ,21.2639 ,36.7377 
1.8882 ,3.5578 ,4.2209 ,4.7512 ,0.1284 ,0.2137 ,0.7960 ,0.8040 ,-0.6725 ,1.9056 ,2.8329 ,30.7975 ,19.8513 
1.4076 ,2.5193 ,2.3333 ,3.8736 ,0.1310 ,0.4638 ,0.8438 ,0.8348 ,-0.5005 ,1.9786 ,3.8937 ,24.4495 ,28.2018 
1.5194 ,2.7732 ,2.9244 ,4.0746 ,0.1323 ,0.6913 ,0.8476 ,0.8450 ,-0.5248 ,2.0114 ,3.7218 ,25.9849 ,29.0745 
1.5193 ,2.7731 ,2.9245 ,4.0742 ,0.1323 ,0.6902 ,0.8475 ,0.8449 ,-0.5249 ,2.0114 ,3.7221 ,25.9838 ,29.0758 
1.4072 ,2.5184 ,2.3319 ,3.8729 ,0.1310 ,0.4463 ,0.8438 ,0.8347 ,-0.5004 ,1.9784 ,3.8931 ,24.4415 ,28.2136 
1.5165 ,2.7881 ,2.8478 ,4.0827 ,0.1318 ,0.5370 ,0.8519 ,0.8518 ,-0.5281 ,2.0129 ,3.7114 ,26.3794 ,26.0197 
1.5237 ,2.8575 ,2.9511 ,4.0880 ,0.1317 ,0.5790 ,0.8429 ,0.8445 ,-0.5571 ,2.0198 ,3.6665 ,26.9466 ,25.5596 
1.5261 ,2.8543 ,2.9987 ,4.0784 ,0.1301 ,0.3710 ,0.8357 ,0.8335 ,-0.5586 ,2.0124 ,3.6489 ,26.7811 ,26.4449 
1.4058 ,2.5033 ,2.3207 ,3.8729 ,0.1315 ,0.4499 ,0.8546 ,0.8462 ,-0.4845 ,2.0013 ,3.9037 ,24.3043 ,29.0038 
1.5257 ,2.8528 ,2.9973 ,4.0777 ,0.1302 ,0.3763 ,0.8358 ,0.8336 ,-0.5582 ,2.0126 ,3.6504 ,26.7685 ,26.4837 
1.4060 ,2.5034 ,2.3213 ,3.8731 ,0.1315 ,0.4481 ,0.8546 ,0.8462 ,-0.4845 ,2.0013 ,3.9035 ,24.3028 ,29.0028 
1.5163 ,2.7875 ,2.8468 ,4.0824 ,0.1315 ,0.4883 ,0.8519 ,0.8518 ,-0.5279 ,2.0133 ,3.7112 ,26.3763 ,26.0314 
1.5236 ,2.8571 ,2.9507 ,4.0879 ,0.1312 ,0.5114 ,0.8429 ,0.8444 ,-0.5570 ,2.0205 ,3.6663 ,26.9451 ,25.5642 
1.4292 ,2.3376 ,2.4856 ,3.8821 ,0.1315 ,1.1497 ,0.8421 ,0.8271 ,-0.4429 ,1.9680 ,3.9872 ,21.4584 ,35.6194 
1.8921 ,3.5641 ,4.2566 ,4.7563 ,0.1312 ,0.5015 ,0.7942 ,0.8020 ,-0.6736 ,1.9033 ,2.8268 ,30.7651 ,20.3181 
1.8920 ,3.5639 ,4.2558 ,4.7562 ,0.1321 ,0.6107 ,0.7942 ,0.8020 ,-0.6735 ,1.9022 ,2.8272 ,30.7651 ,20.3121 
1.4290 ,2.3374 ,2.4847 ,3.8818 ,0.1310 ,1.0890 ,0.8421 ,0.8271 ,-0.4430 ,1.9691 ,3.9876 ,21.4585 ,35.6189 
1.4290 ,2.3372 ,2.4847 ,3.8818 ,0.1309 ,1.0410 ,0.8422 ,0.8271 ,-0.4429 ,1.9700 ,3.9878 ,21.4568 ,35.6264 
1.8921 ,3.5641 ,4.2564 ,4.7564 ,0.1316 ,0.5451 ,0.7942 ,0.8020 ,-0.6735 ,1.9028 ,2.8269 ,30.7657 ,20.3166 
1.5166 ,2.7884 ,2.8483 ,4.0828 ,0.1313 ,0.4710 ,0.8518 ,0.8517 ,-0.5282 ,2.0134 ,3.7102 ,26.3828 ,26.0100 
1.5234 ,2.8568 ,2.9501 ,4.0876 ,0.1313 ,0.5283 ,0.8429 ,0.8445 ,-0.5570 ,2.0204 ,3.6670 ,26.9422 ,25.5847 
1.4075 ,2.5193 ,2.3331 ,3.8735 ,0.1310 ,0.4441 ,0.8438 ,0.8348 ,-0.5006 ,1.9785 ,3.8925 ,24.4498 ,28.2060 
1.5195 ,2.7742 ,2.9255 ,4.0748 ,0.1320 ,0.6506 ,0.8475 ,0.8449 ,-0.5252 ,2.0117 ,3.7210 ,25.9934 ,29.0506 
1.5193 ,2.7731 ,2.9245 ,4.0743 ,0.1327 ,0.7613 ,0.8475 ,0.8450 ,-0.5248 ,2.0108 ,3.7225 ,25.9833 ,29.0775 
1.4073 ,2.5183 ,2.3320 ,3.8730 ,0.1311 ,0.4769 ,0.8438 ,0.8347 ,-0.5004 ,1.9783 ,3.8944 ,24.4408 ,28.2152 
1.4290 ,2.3374 ,2.4845 ,3.8818 ,0.1315 ,1.1460 ,0.8422 ,0.8271 ,-0.4430 ,1.9681 ,3.9874 ,21.4611 ,35.6188 
1.8921 ,3.5640 ,4.2560 ,4.7563 ,0.1311 ,0.4856 ,0.7942 ,0.8020 ,-0.6736 ,1.9033 ,2.8267 ,30.7657 ,20.3131 
1.5163 ,2.7872 ,2.8463 ,4.0824 ,0.1317 ,0.5192 ,0.8519 ,0.8518 ,-0.5278 ,2.0131 ,3.7120 ,26.3728 ,26.0402 
1.5236 ,2.8573 ,2.9510 ,4.0878 ,0.1315 ,0.5536 ,0.8429 ,0.8445 ,-0.5570 ,2.0200 ,3.6664 ,26.9453 ,25.5608 
1.5261 ,2.8544 ,2.9989 ,4.0784 ,0.1301 ,0.3729 ,0.8356 ,0.8335 ,-0.5587 ,2.0124 ,3.6488 ,26.7816 ,26.4373 
1.4057 ,2.5028 ,2.3205 ,3.8727 ,0.1314 ,0.4429 ,0.8546 ,0.8462 ,-0.4845 ,2.0017 ,3.9050 ,24.2989 ,29.0133 
1.4058 ,2.5029 ,2.3204 ,3.8727 ,0.1314 ,0.4435 ,0.8546 ,0.8462 ,-0.4845 ,2.0015 ,3.9046 ,24.2993 ,29.0091 
1.5256 ,2.8526 ,2.9969 ,4.0776 ,0.1301 ,0.3788 ,0.8358 ,0.8336 ,-0.5582 ,2.0127 ,3.6507 ,26.7659 ,26.4904 
1.8887 ,3.5667 ,4.2781 ,4.7483 ,0.1290 ,0.2849 ,0.7929 ,0.8003 ,-0.6737 ,1.9104 ,2.8330 ,30.6038 ,20.6013 
1.4351 ,2.3274 ,2.5218 ,3.8842 ,0.1291 ,0.6610 ,0.8495 ,0.8347 ,-0.4264 ,1.9982 ,3.9942 ,21.0162 ,36.1156 
1.4994 ,2.7284 ,2.8316 ,4.0470 ,0.1308 ,0.3900 ,0.8525 ,0.8484 ,-0.5105 ,2.0268 ,3.7590 ,25.6280 ,30.5725 
1.3969 ,2.4870 ,2.3201 ,3.8595 ,0.1309 ,0.3240 ,0.8538 ,0.8450 ,-0.4780 ,1.9965 ,3.9150 ,23.9408 ,31.2116 
1.4368 ,2.3503 ,2.5221 ,3.8931 ,0.1278 ,0.3634 ,0.8409 ,0.8265 ,-0.4462 ,1.9767 ,3.9794 ,21.6279 ,34.8578 
1.8880 ,3.5648 ,4.2623 ,4.7480 ,0.1305 ,0.4053 ,0.7933 ,0.8014 ,-0.6747 ,1.9075 ,2.8250 ,30.6748 ,20.6565 
1.3835 ,2.5055 ,2.2558 ,3.8364 ,0.1305 ,0.3862 ,0.8425 ,0.8317 ,-0.5043 ,1.9880 ,3.9085 ,24.4949 ,28.6291 
1.4761 ,2.6609 ,2.7297 ,4.0001 ,0.1342 ,1.0328 ,0.8502 ,0.8439 ,-0.5085 ,2.0141 ,3.8193 ,25.1434 ,31.2192 
1.4705 ,2.7125 ,2.7163 ,3.9798 ,0.1311 ,0.5547 ,0.8407 ,0.8343 ,-0.5349 ,2.0152 ,3.7650 ,25.7182 ,28.0328 
1.5111 ,2.7955 ,2.8972 ,4.0531 ,0.1321 ,0.7984 ,0.8384 ,0.8333 ,-0.5452 ,2.0075 ,3.7123 ,26.1910 ,26.4837 
1.8798 ,3.5478 ,4.1846 ,4.7359 ,0.1332 ,0.7458 ,0.7914 ,0.7989 ,-0.6778 ,1.8905 ,2.8408 ,30.8203 ,19.5638 
1.4105 ,2.3217 ,2.4320 ,3.8461 ,0.1251 ,0.2273 ,0.8507 ,0.8361 ,-0.4293 ,2.0115 ,3.9901 ,21.3048 ,36.1573 
1.5354 ,2.8406 ,2.9232 ,4.1060 ,0.1296 ,0.3856 ,0.8373 ,0.8357 ,-0.5522 ,1.9809 ,3.6103 ,26.6635 ,25.2954 
1.5083 ,2.7849 ,2.7978 ,4.0730 ,0.1290 ,0.2294 ,0.8453 ,0.8445 ,-0.5400 ,2.0014 ,3.7024 ,26.3743 ,25.4870 
1.5205 ,2.8666 ,2.9327 ,4.0874 ,0.1378 ,1.5329 ,0.8402 ,0.8394 ,-0.5619 ,2.0020 ,3.6558 ,26.9996 ,26.2162 
1.5161 ,2.8053 ,2.8692 ,4.0820 ,0.1296 ,0.2495 ,0.8428 ,0.8415 ,-0.5486 ,2.0064 ,3.7026 ,26.5415 ,25.4251 
1.5168 ,2.7920 ,2.9225 ,4.0623 ,0.1288 ,0.2593 ,0.8402 ,0.8357 ,-0.5397 ,2.0049 ,3.7017 ,26.1263 ,27.3837 
1.3628 ,2.3815 ,2.1802 ,3.7938 ,0.1397 ,2.1398 ,0.8559 ,0.8453 ,-0.4654 ,1.9860 ,4.0106 ,22.9928 ,32.0216 
1.5039 ,2.7921 ,2.8374 ,4.0598 ,0.1326 ,0.5415 ,0.8544 ,0.8587 ,-0.5315 ,2.0210 ,3.7177 ,26.3716 ,27.1577 
1.5250 ,2.8088 ,2.8658 ,4.1019 ,0.1368 ,1.4516 ,0.8468 ,0.8503 ,-0.5390 ,1.9772 ,3.6883 ,26.5960 ,25.1334 
1.8717 ,3.5457 ,4.1847 ,4.7192 ,0.1289 ,0.2606 ,0.7903 ,0.7969 ,-0.6812 ,1.9051 ,2.8398 ,30.6940 ,19.5761 
1.4171 ,2.3609 ,2.4765 ,3.8607 ,0.1310 ,0.9921 ,0.8495 ,0.8352 ,-0.4385 ,2.0075 ,3.9748 ,21.6783 ,35.7558 
1.4757 ,2.7131 ,2.7199 ,4.0064 ,0.1298 ,0.2622 ,0.8525 ,0.8519 ,-0.5225 ,2.0311 ,3.7861 ,25.7638 ,28.3998 
1.5359 ,2.9292 ,2.9912 ,4.1092 ,0.1370 ,1.4994 ,0.8336 ,0.8362 ,-0.5813 ,1.9848 ,3.5842 ,27.6413 ,22.0577 
1.5028 ,2.7809 ,2.8676 ,4.0528 ,0.1320 ,0.5648 ,0.8528 ,0.8551 ,-0.5258 ,2.0302 ,3.7279 ,26.1672 ,28.5708 
1.5132 ,2.7898 ,2.8115 ,4.0819 ,0.1341 ,0.6870 ,0.8498 ,0.8520 ,-0.5311 ,1.9920 ,3.7140 ,26.5421 ,25.8227 
1.5129 ,2.7505 ,2.8734 ,4.0645 ,0.1276 ,0.2025 ,0.8476 ,0.8433 ,-0.5204 ,2.0175 ,3.7372 ,25.8123 ,28.8418 
1.4641 ,2.5957 ,2.5954 ,3.9691 ,0.1300 ,0.4458 ,0.8515 ,0.8440 ,-0.4864 ,1.9940 ,3.8032 ,24.5438 ,30.4588 
1.4395 ,2.3482 ,2.5118 ,3.9012 ,0.1248 ,0.1824 ,0.8508 ,0.8371 ,-0.4317 ,2.0048 ,3.9766 ,21.4820 ,35.7488 
1.9002 ,3.5712 ,4.2731 ,4.7731 ,0.1290 ,0.2490 ,0.7956 ,0.8039 ,-0.6703 ,1.9031 ,2.8258 ,30.8449 ,20.5456 
1.3725 ,2.3989 ,2.2212 ,3.7977 ,0.1296 ,0.3435 ,0.8430 ,0.8292 ,-0.4757 ,1.9843 ,3.9746 ,23.0987 ,30.5634 
1.4829 ,2.7015 ,2.7352 ,4.0208 ,0.1303 ,0.3377 ,0.8498 ,0.8448 ,-0.5187 ,2.0201 ,3.7898 ,25.6608 ,29.2118 
1.3903 ,2.5250 ,2.2548 ,3.8743 ,0.1310 ,0.2239 ,0.8599 ,0.8551 ,-0.4984 ,2.0082 ,3.9186 ,24.9744 ,28.9059 
1.4134 ,2.5478 ,2.3865 ,3.8979 ,0.1297 ,0.2835 ,0.8541 ,0.8479 ,-0.4934 ,2.0017 ,3.8595 ,24.6530 ,28.9415 
1.4113 ,2.4852 ,2.4155 ,3.8652 ,0.1314 ,0.6690 ,0.8506 ,0.8398 ,-0.4740 ,2.0064 ,3.9002 ,23.4774 ,31.0711 
1.4937 ,2.6840 ,2.8187 ,4.0227 ,0.1297 ,0.4136 ,0.8479 ,0.8411 ,-0.5057 ,2.0223 ,3.7859 ,25.1389 ,30.4154 
1.4012 ,2.5379 ,2.2803 ,3.8725 ,0.1316 ,0.5301 ,0.8429 ,0.8339 ,-0.5120 ,1.9743 ,3.8762 ,24.8561 ,27.3721 
1.5007 ,2.7573 ,2.9135 ,4.0330 ,0.1293 ,0.3889 ,0.8441 ,0.8402 ,-0.5261 ,2.0257 ,3.7386 ,25.7503 ,30.1466 
1.5197 ,2.7989 ,2.8577 ,4.0911 ,0.1308 ,0.3259 ,0.8519 ,0.8521 ,-0.5311 ,2.0124 ,3.7005 ,26.5228 ,25.6224 
1.5072 ,2.7704 ,2.8608 ,4.0533 ,0.1297 ,0.2958 ,0.8469 ,0.8462 ,-0.5311 ,2.0133 ,3.7161 ,26.0731 ,27.4559 
1.8909 ,3.5638 ,4.2555 ,4.7541 ,0.1310 ,0.4623 ,0.7939 ,0.8016 ,-0.6739 ,1.9031 ,2.8252 ,30.7357 ,20.3759 
1.4327 ,2.3499 ,2.4995 ,3.8878 ,0.1287 ,0.6384 ,0.8420 ,0.8270 ,-0.4438 ,1.9780 ,3.9800 ,21.5196 ,35.4058 
1.5424 ,2.9074 ,2.8876 ,4.1496 ,0.1326 ,0.5071 ,0.8468 ,0.8520 ,-0.5613 ,1.9808 ,3.5985 ,27.9518 ,22.8484 
1.5122 ,2.8180 ,2.8876 ,4.0813 ,0.1315 ,0.3928 ,0.8552 ,0.8575 ,-0.5305 ,2.0255 ,3.7018 ,26.5772 ,27.8872 
1.4523 ,2.5435 ,2.6830 ,3.9392 ,0.1312 ,0.7680 ,0.8465 ,0.8352 ,-0.4812 ,2.0351 ,3.9008 ,23.7067 ,34.3742 
1.8784 ,3.5613 ,4.2269 ,4.7322 ,0.1359 ,1.2128 ,0.7871 ,0.7932 ,-0.6868 ,1.8941 ,2.8297 ,30.8027 ,20.1274 
1.4989 ,2.7525 ,2.9046 ,4.0294 ,0.1279 ,0.2313 ,0.8437 ,0.8395 ,-0.5267 ,2.0286 ,3.7415 ,25.7273 ,30.0956 
1.3940 ,2.4975 ,2.2606 ,3.8522 ,0.1305 ,0.3771 ,0.8425 ,0.8323 ,-0.5026 ,1.9748 ,3.9010 ,24.3362 ,28.1689 
1.3848 ,2.4595 ,2.2317 ,3.8360 ,0.1312 ,0.5127 ,0.8440 ,0.8330 ,-0.4934 ,1.9779 ,3.9292 ,23.8680 ,29.4737 
1.5068 ,2.7546 ,2.8715 ,4.0610 ,0.1304 ,0.4378 ,0.8513 ,0.8474 ,-0.5145 ,2.0256 ,3.7266 ,25.8411 ,30.3446 
1.5173 ,2.7902 ,2.8499 ,4.0866 ,0.1301 ,0.3134 ,0.8528 ,0.8533 ,-0.5282 ,2.0176 ,3.7137 ,26.4281 ,26.0127 
1.5194 ,2.8264 ,2.9162 ,4.0799 ,0.1312 ,0.5319 ,0.8460 ,0.8474 ,-0.5444 ,2.0191 ,3.6829 ,26.6555 ,26.5351 
1.4108 ,2.6024 ,2.2763 ,3.9099 ,0.1336 ,0.5904 ,0.8453 ,0.8389 ,-0.5282 ,1.9660 ,3.8294 ,25.8414 ,25.5978 
1.4600 ,2.4942 ,2.6890 ,3.9403 ,0.1441 ,4.7001 ,0.8529 ,0.8431 ,-0.4526 ,1.9033 ,3.8723 ,22.8257 ,34.8874 
1.5225 ,2.8392 ,2.9234 ,4.0871 ,0.1343 ,1.0008 ,0.8454 ,0.8467 ,-0.5480 ,2.0095 ,3.6748 ,26.8107 ,26.1921 
1.5181 ,2.7943 ,2.8417 ,4.0902 ,0.1372 ,1.4260 ,0.8535 ,0.8540 ,-0.5283 ,2.0027 ,3.7100 ,26.5223 ,25.9080 
1.4211 ,2.2779 ,2.4480 ,3.8576 ,0.1280 ,0.4983 ,0.8423 ,0.8258 ,-0.4274 ,1.9735 ,4.0087 ,20.6571 ,36.6859 
1.8883 ,3.5570 ,4.2372 ,4.7487 ,0.1285 ,0.2347 ,0.7943 ,0.8019 ,-0.6724 ,1.9032 ,2.8310 ,30.7138 ,20.1384 
1.5067 ,2.7394 ,2.8591 ,4.0529 ,0.1292 ,0.2971 ,0.8461 ,0.8405 ,-0.5233 ,2.0210 ,3.7415 ,25.7046 ,29.4823 
1.4229 ,2.5453 ,2.4460 ,3.8950 ,0.1293 ,0.3526 ,0.8500 ,0.8406 ,-0.4898 ,2.0113 ,3.8583 ,24.2265 ,29.6182 
1.5153 ,2.8071 ,2.8789 ,4.0757 ,0.1310 ,0.3603 ,0.8492 ,0.8502 ,-0.5367 ,2.0128 ,3.6907 ,26.5432 ,27.0217 
1.5181 ,2.7923 ,2.8474 ,4.0890 ,0.1344 ,0.9516 ,0.8531 ,0.8536 ,-0.5281 ,2.0104 ,3.7121 ,26.4842 ,25.8861 
1.8901 ,3.5616 ,4.2498 ,4.7524 ,0.1295 ,0.3260 ,0.7937 ,0.8014 ,-0.6736 ,1.9032 ,2.8308 ,30.7244 ,20.2605 
1.4277 ,2.3224 ,2.4792 ,3.8750 ,0.1273 ,0.4072 ,0.8419 ,0.8262 ,-0.4376 ,1.9821 ,3.9910 ,21.1951 ,35.8777 
1.5086 ,2.7385 ,2.8769 ,4.0548 ,0.1299 ,0.3295 ,0.8473 ,0.8421 ,-0.5187 ,2.0201 ,3.7434 ,25.6851 ,29.9956 
1.4177 ,2.5321 ,2.4240 ,3.8862 ,0.1327 ,0.8687 ,0.8532 ,0.8445 ,-0.4844 ,2.0021 ,3.8832 ,24.2398 ,29.4566 
1.4102 ,2.4814 ,2.3958 ,3.8650 ,0.1325 ,0.8263 ,0.8532 ,0.8433 ,-0.4730 ,1.9964 ,3.9118 ,23.6052 ,30.3338 
1.5129 ,2.7556 ,2.8900 ,4.0636 ,0.1296 ,0.3001 ,0.8470 ,0.8422 ,-0.5225 ,2.0168 ,3.7311 ,25.8685 ,29.4937 
1.4299 ,2.3318 ,2.4859 ,3.8809 ,0.1270 ,0.3503 ,0.8422 ,0.8268 ,-0.4395 ,1.9838 ,3.9862 ,21.2950 ,35.7352 
1.8900 ,3.5621 ,4.2518 ,4.7521 ,0.1306 ,0.4098 ,0.7935 ,0.8011 ,-0.6741 ,1.9040 ,2.8256 ,30.7031 ,20.3716 
1.4716 ,2.6834 ,2.6730 ,3.9995 ,0.1392 ,1.9134 ,0.8545 ,0.8549 ,-0.5038 ,1.9900 ,3.7731 ,25.3427 ,29.2121 
1.4988 ,2.7537 ,2.7719 ,4.0577 ,0.1300 ,0.2730 ,0.8522 ,0.8547 ,-0.5235 ,2.0064 ,3.7399 ,26.0900 ,26.5817 
1.8704 ,3.5481 ,4.1817 ,4.7170 ,0.1293 ,0.2991 ,0.7878 ,0.7934 ,-0.6865 ,1.9055 ,2.8296 ,30.7418 ,20.1560 
1.4396 ,2.4633 ,2.5568 ,3.9129 ,0.1278 ,0.2568 ,0.8474 ,0.8351 ,-0.4681 ,2.0162 ,3.9224 ,22.9980 ,34.3790 
1.4714 ,2.6543 ,2.6928 ,3.9870 ,0.1282 ,0.2271 ,0.8490 ,0.8422 ,-0.5071 ,2.0172 ,3.8211 ,25.1294 ,28.8535 
1.4657 ,2.6442 ,2.6622 ,3.9810 ,0.1281 ,0.1965 ,0.8475 ,0.8405 ,-0.5116 ,2.0161 ,3.8181 ,25.0233 ,29.2089 
1.5078 ,2.8007 ,2.7726 ,4.0773 ,0.1351 ,0.8855 ,0.8516 ,0.8518 ,-0.5334 ,1.9991 ,3.6691 ,26.7833 ,26.1000 
1.5154 ,2.8114 ,2.8348 ,4.1045 ,0.1312 ,0.3158 ,0.8648 ,0.8670 ,-0.5147 ,2.0329 ,3.7051 ,26.7710 ,27.4663 
1.4489 ,2.5593 ,2.5935 ,3.9430 ,0.1298 ,0.3784 ,0.8485 ,0.8390 ,-0.4889 ,2.0123 ,3.8769 ,24.1269 ,30.9537 
1.4699 ,2.6411 ,2.6927 ,3.9841 ,0.1340 ,0.9737 ,0.8508 ,0.8439 ,-0.5001 ,2.0143 ,3.8277 ,24.9861 ,29.4498 
1.4555 ,2.6210 ,2.6810 ,3.9512 ,0.1283 ,0.2896 ,0.8400 ,0.8311 ,-0.5141 ,2.0106 ,3.8310 ,24.6063 ,29.6918 
1.3289 ,2.3790 ,2.0740 ,3.7148 ,0.1288 ,0.2873 ,0.8496 ,0.8372 ,-0.4809 ,2.0205 ,4.0297 ,23.3180 ,30.6449 
1.4875 ,2.7635 ,2.8065 ,4.0325 ,0.1378 ,1.2498 ,0.8541 ,0.8548 ,-0.5265 ,2.0225 ,3.7646 ,26.0771 ,27.8450 
1.4920 ,2.7347 ,2.7668 ,4.0399 ,0.1291 ,0.2490 ,0.8481 ,0.8467 ,-0.5197 ,2.0071 ,3.7417 ,25.8281 ,27.7651 
1.3618 ,2.4773 ,2.1751 ,3.7850 ,0.1297 ,0.3586 ,0.8451 ,0.8338 ,-0.5002 ,1.9980 ,3.9298 ,24.2540 ,29.2323 
1.3532 ,2.4302 ,2.1481 ,3.7630 ,0.1287 ,0.2894 ,0.8453 ,0.8328 ,-0.4890 ,2.0006 ,3.9619 ,23.7248 ,30.2032 
1.4860 ,2.7287 ,2.7593 ,4.0356 ,0.1304 ,0.3383 ,0.8560 ,0.8552 ,-0.5074 ,2.0265 ,3.7609 ,25.7401 ,29.4512 
1.4879 ,2.7332 ,2.7379 ,4.0362 ,0.1292 ,0.2416 ,0.8588 ,0.8581 ,-0.5013 ,2.0245 ,3.7460 ,25.8353 ,29.3999 
1.5111 ,2.7777 ,2.8320 ,4.0822 ,0.1311 ,0.3331 ,0.8622 ,0.8666 ,-0.5127 ,2.0267 ,3.7277 ,26.3151 ,26.7800 
1.5147 ,2.7995 ,2.7984 ,4.0973 ,0.1303 ,0.2348 ,0.8558 ,0.8609 ,-0.5273 ,2.0039 ,3.7062 ,26.7199 ,25.9514 
1.4082 ,2.2797 ,2.4587 ,3.8360 ,0.1262 ,0.4038 ,0.8563 ,0.8416 ,-0.4067 ,2.0263 ,4.0241 ,20.6343 ,38.3432 
1.8754 ,3.5425 ,4.1687 ,4.7273 ,0.1317 ,0.5421 ,0.7913 ,0.7984 ,-0.6765 ,1.8923 ,2.8468 ,30.7814 ,19.5378 
1.4199 ,2.2529 ,2.4550 ,3.8540 ,0.1290 ,0.6564 ,0.8549 ,0.8397 ,-0.4049 ,1.9976 ,4.0278 ,20.2238 ,37.7058 
1.8820 ,3.5482 ,4.2042 ,4.7367 ,0.1304 ,0.3719 ,0.7934 ,0.7995 ,-0.6725 ,1.9062 ,2.8299 ,30.6724 ,19.9023 
1.3542 ,2.5080 ,2.1276 ,3.7879 ,0.1305 ,0.2381 ,0.8499 ,0.8413 ,-0.5121 ,2.0047 ,3.9448 ,25.0461 ,27.0228 
1.4222 ,2.3863 ,2.4963 ,3.8691 ,0.1295 ,0.6376 ,0.8513 ,0.8383 ,-0.4425 ,2.0072 ,3.9412 ,21.8390 ,35.0315 
1.8741 ,3.5399 ,4.1562 ,4.7240 ,0.1287 ,0.2340 ,0.7913 ,0.7975 ,-0.6778 ,1.9028 ,2.8302 ,30.7730 ,19.6415 
1.4156 ,2.3069 ,2.4343 ,3.8540 ,0.1292 ,0.4277 ,0.8512 ,0.8358 ,-0.4285 ,1.9944 ,3.9985 ,21.1282 ,37.1331 
1.4909 ,2.7508 ,2.7694 ,4.0386 ,0.1299 ,0.3284 ,0.8466 ,0.8445 ,-0.5274 ,2.0139 ,3.7324 ,25.9761 ,27.3483 
1.4791 ,2.7318 ,2.7812 ,4.0104 ,0.1386 ,1.5872 ,0.8515 ,0.8499 ,-0.5226 ,2.0178 ,3.7800 ,25.6754 ,28.3267 
1.8723 ,3.5374 ,4.1558 ,4.7208 ,0.1331 ,0.7312 ,0.7903 ,0.7975 ,-0.6771 ,1.8870 ,2.8471 ,30.7667 ,19.4144 
1.4040 ,2.2493 ,2.4377 ,3.8240 ,0.1249 ,0.2808 ,0.8564 ,0.8409 ,-0.3995 ,2.0242 ,4.0357 ,20.3150 ,38.9262 
1.5020 ,2.8036 ,2.7585 ,4.0791 ,0.1301 ,0.2399 ,0.8615 ,0.8641 ,-0.5168 ,2.0232 ,3.7004 ,26.7716 ,26.9580 
1.4366 ,2.4934 ,2.5899 ,3.9080 ,0.1319 ,0.9070 ,0.8570 ,0.8495 ,-0.4505 ,2.0201 ,3.9134 ,22.9674 ,33.0590 
1.3964 ,2.1791 ,2.4231 ,3.7998 ,0.1254 ,0.3335 ,0.8523 ,0.8358 ,-0.3899 ,2.0103 ,4.0808 ,19.3346 ,40.0957 
1.8819 ,3.5457 ,4.1862 ,4.7391 ,0.1363 ,1.2554 ,0.7974 ,0.8048 ,-0.6661 ,1.8932 ,2.8389 ,30.7464 ,19.5565 
1.4028 ,2.3062 ,2.4673 ,3.8258 ,0.1252 ,0.2309 ,0.8510 ,0.8361 ,-0.4235 ,2.0282 ,4.0244 ,21.0965 ,36.9970 
1.8734 ,3.5474 ,4.1841 ,4.7237 ,0.1313 ,0.4671 ,0.7901 ,0.7972 ,-0.6790 ,1.8975 ,2.8422 ,30.7348 ,19.8499 
1.4205 ,2.5186 ,2.4842 ,3.8861 ,0.1300 ,0.4815 ,0.8510 ,0.8415 ,-0.4780 ,2.0116 ,3.8608 ,23.6877 ,31.9333 
1.3475 ,2.4136 ,2.0556 ,3.7697 ,0.1329 ,0.6679 ,0.8434 ,0.8316 ,-0.4994 ,1.9690 ,3.9564 ,23.6767 ,27.7266 
1.5067 ,2.7353 ,2.8874 ,4.0537 ,0.1328 ,0.7261 ,0.8486 ,0.8433 ,-0.5160 ,2.0126 ,3.7566 ,25.5054 ,29.8696 
1.4226 ,2.5407 ,2.4664 ,3.8959 ,0.1313 ,0.5216 ,0.8534 ,0.8452 ,-0.4870 ,2.0151 ,3.8813 ,24.1489 ,31.1107 
1.4180 ,2.3350 ,2.4898 ,3.8572 ,0.1274 ,0.4032 ,0.8528 ,0.8385 ,-0.4270 ,2.0162 ,3.9882 ,21.3305 ,36.9266 
1.8773 ,3.5490 ,4.1924 ,4.7307 ,0.1295 ,0.2942 ,0.7917 ,0.7985 ,-0.6787 ,1.9032 ,2.8387 ,30.7771 ,19.7689 
1.5095 ,2.7484 ,2.9084 ,4.0587 ,0.1299 ,0.3568 ,0.8506 ,0.8472 ,-0.5128 ,2.0243 ,3.7450 ,25.6302 ,29.7625 
1.4004 ,2.4997 ,2.2902 ,3.8656 ,0.1311 ,0.4866 ,0.8442 ,0.8350 ,-0.5002 ,1.9757 ,3.9050 ,24.4002 ,28.4784 
1.3934 ,2.4814 ,2.2627 ,3.8518 ,0.1317 ,0.5658 ,0.8432 ,0.8327 ,-0.4991 ,1.9737 ,3.9139 ,24.0932 ,28.8241 
1.5033 ,2.7319 ,2.8777 ,4.0458 ,0.1301 ,0.4195 ,0.8493 ,0.8447 ,-0.5134 ,2.0237 ,3.7529 ,25.4955 ,30.0043 
1.8791 ,3.5490 ,4.1931 ,4.7340 ,0.1287 ,0.2257 ,0.7919 ,0.7989 ,-0.6777 ,1.9022 ,2.8385 ,30.7863 ,19.7081 
1.4220 ,2.3292 ,2.4937 ,3.8641 ,0.1244 ,0.1808 ,0.8534 ,0.8390 ,-0.4228 ,2.0166 ,3.9863 ,21.2038 ,37.2078 
1.5059 ,2.7929 ,2.8971 ,4.0575 ,0.1305 ,0.4241 ,0.8503 ,0.8510 ,-0.5291 ,2.0326 ,3.7097 ,26.2588 ,28.3178 
1.5075 ,2.7812 ,2.7750 ,4.0745 ,0.1314 ,0.3856 ,0.8461 ,0.8467 ,-0.5367 ,1.9898 ,3.6999 ,26.5417 ,25.6266 
1.3977 ,2.4966 ,2.2745 ,3.8606 ,0.1331 ,0.8111 ,0.8431 ,0.8330 ,-0.5013 ,1.9639 ,3.8995 ,24.3028 ,28.5222 
1.5049 ,2.7294 ,2.8885 ,4.0498 ,0.1286 ,0.2636 ,0.8507 ,0.8464 ,-0.5096 ,2.0254 ,3.7605 ,25.4769 ,30.2236 
1.4249 ,2.5060 ,2.4684 ,3.8940 ,0.1315 ,0.6634 ,0.8515 ,0.8407 ,-0.4704 ,2.0102 ,3.8777 ,23.4143 ,32.6639 
1.4239 ,2.5057 ,2.4755 ,3.8913 ,0.1290 ,0.2872 ,0.8516 ,0.8408 ,-0.4707 ,2.0144 ,3.8805 ,23.4057 ,32.6909 
1.5075 ,2.8130 ,2.9039 ,4.0601 ,0.1297 ,0.3123 ,0.8490 ,0.8502 ,-0.5355 ,2.0234 ,3.6939 ,26.4282 ,27.8701 
1.5033 ,2.7765 ,2.7674 ,4.0647 ,0.1313 ,0.3848 ,0.8456 ,0.8456 ,-0.5372 ,1.9924 ,3.7075 ,26.4566 ,25.6328 
1.8779 ,3.5471 ,4.1874 ,4.7314 ,0.1327 ,0.6826 ,0.7913 ,0.7981 ,-0.6781 ,1.8962 ,2.8410 ,30.7708 ,19.5916 
1.4210 ,2.3176 ,2.4851 ,3.8627 ,0.1281 ,0.4279 ,0.8536 ,0.8391 ,-0.4209 ,2.0040 ,3.9826 ,21.0711 ,37.5147 
1.5025 ,2.7823 ,2.8884 ,4.0508 ,0.1291 ,0.2576 ,0.8507 ,0.8508 ,-0.5277 ,2.0329 ,3.7298 ,26.1182 ,28.5477 
1.5104 ,2.7891 ,2.7941 ,4.0787 ,0.1328 ,0.5605 ,0.8454 ,0.8460 ,-0.5390 ,1.9889 ,3.6947 ,26.5870 ,25.4561 
1.4230 ,2.3330 ,2.4979 ,3.8668 ,0.1412 ,4.2134 ,0.8537 ,0.8395 ,-0.4213 ,1.9229 ,3.9831 ,21.2274 ,37.2308 
1.8804 ,3.5501 ,4.1964 ,4.7365 ,0.1285 ,0.2181 ,0.7923 ,0.7993 ,-0.6775 ,1.9017 ,2.8387 ,30.8012 ,19.7510 
1.5095 ,2.8235 ,2.9258 ,4.0626 ,0.1372 ,1.5292 ,0.8479 ,0.8497 ,-0.5398 ,2.0098 ,3.6973 ,26.5239 ,27.4595 
1.5028 ,2.7754 ,2.7667 ,4.0625 ,0.1306 ,0.3278 ,0.8450 ,0.8449 ,-0.5381 ,1.9891 ,3.7083 ,26.4510 ,25.6362 
1.8784 ,3.5502 ,4.1967 ,4.7326 ,0.1286 ,0.2296 ,0.7917 ,0.7985 ,-0.6787 ,1.9039 ,2.8416 ,30.7753 ,19.8214 
1.4199 ,2.3372 ,2.4944 ,3.8607 ,0.1297 ,0.9895 ,0.8526 ,0.8384 ,-0.4275 ,2.0055 ,3.9900 ,21.3538 ,36.8954 
1.5084 ,2.8010 ,2.9071 ,4.0611 ,0.1303 ,0.3664 ,0.8508 ,0.8522 ,-0.5291 ,2.0252 ,3.7013 ,26.2539 ,28.2025 
1.5066 ,2.7821 ,2.7805 ,4.0696 ,0.1321 ,0.5696 ,0.8450 ,0.8453 ,-0.5383 ,1.9895 ,3.7048 ,26.4783 ,25.4145 
1.4231 ,2.3272 ,2.5020 ,3.8667 ,0.1257 ,0.2364 ,0.8542 ,0.8399 ,-0.4214 ,2.0113 ,3.9928 ,21.1593 ,37.2483 
1.8818 ,3.5534 ,4.2123 ,4.7385 ,0.1337 ,0.8062 ,0.7921 ,0.7990 ,-0.6764 ,1.8985 ,2.8368 ,30.7672 ,19.9181 
1.5066 ,2.7369 ,2.8855 ,4.0535 ,0.1288 ,0.2601 ,0.8480 ,0.8426 ,-0.5173 ,2.0298 ,3.7520 ,25.5519 ,29.9911 
1.4125 ,2.5454 ,2.4696 ,3.8786 ,0.1306 ,0.4385 ,0.8532 ,0.8451 ,-0.4912 ,2.0365 ,3.9088 ,24.2172 ,30.8967 
1.5052 ,2.7915 ,2.8959 ,4.0566 ,0.1314 ,0.5225 ,0.8510 ,0.8519 ,-0.5284 ,2.0306 ,3.7188 ,26.2212 ,28.3875 
1.5079 ,2.7841 ,2.7759 ,4.0755 ,0.1343 ,0.9424 ,0.8462 ,0.8471 ,-0.5376 ,1.9797 ,3.7054 ,26.5579 ,25.5056 
1.5011 ,2.7136 ,2.8530 ,4.0434 ,0.1373 ,1.6835 ,0.8500 ,0.8440 ,-0.5076 ,2.0047 ,3.7684 ,25.2895 ,30.9117 
1.4260 ,2.5456 ,2.4682 ,3.9037 ,0.1301 ,0.3704 ,0.8531 ,0.8446 ,-0.4851 ,2.0176 ,3.8673 ,24.1336 ,31.1897 
